<?xml version="1.0" encoding="UTF-8"?>
<!DOCTYPE mapper
	PUBLIC "-//mybatis.org//DTD Mapper 3.0//EN"
	"http://mybatis.org/dtd/mybatis-3-mapper.dtd">
<mapper namespace="com.lowlist.mapper.MapleMapper">

	<insert id="insertOcid">
		insert into ocidData (ocid,character_name) values (#{ocid},#{character_name})
	</insert>
	
	<insert id="insertHyperStat">
		insert into HyperStat(
		character_name,
		json_data
		)values(
		#{character_name},
		#{json_data}	
		)
	</insert>
	
	<insert id="insertBasicData">
		insert into basicData(
		date,
		character_name,
		world_name,
		character_gender,
		character_class,
		character_class_level,
		character_level,
		character_exp,
		character_exp_rate,
		character_guild_name,
		character_image
		)values(
		#{date},
		#{character_name},
		#{world_name},
		#{character_gender},
		#{character_class},
		#{character_class_level},
		#{character_level},
		#{character_exp},
		#{character_exp_rate},
		#{character_guild_name},
		#{character_image}
		)
	</insert>
	
	<insert id="insertStatData">
		insert into statData(
		character_name,
		json_data
		)values(
		#{character_name},
		#{json_data}	
		)
	</insert>
	
	<insert id="insertPropensity">
		insert into propensity(
		date,
		character_name,
		charisma_level,
		sensibility_level,
		insight_level,
		willingness_level,
		handicraft_level,
		charm_level
		)values(
		#{date},
		#{character_name},
		#{charisma_level},
		#{sensibility_level},
		#{insight_level},
		#{willingness_level},
		#{handicraft_level},
		#{charm_level}
		)
	</insert>
	
	<insert id="insertAbility">
		insert into ability(
		character_name,
		json_data
		)values(
		#{character_name},
		#{json_data}	
		)
	</insert>
	
	<insert id="insertItemEquip">
		insert into itemEquip(
		character_name,
		json_data
		)values(
		#{character_name},
		#{json_data}	
		)
	</insert>
	
	<insert id="insertAndroid">
		insert into android(
		character_name,
		json_data
		)values(
		#{character_name},
		#{json_data}	
		)
	</insert>
	
	<select id="selectOcid" resultType="String">
		select ocid from ocidData where character_name=#{character_name}
	</select>
	
	<select id="getCountSqlData" resultType="int" parameterType="com.lowlist.dto.mapleapi.SqlCountData">
		select count(*) from ${table_name} where character_name=#{character_name}
	</select>
	
	
	<select id="selectBasicData" resultType="com.lowlist.dto.mapleapi.BasicData">
		select * from basicData where character_name=#{character_name}
	</select>
	
	
	<select id="selectPropensity" resultType="com.lowlist.dto.mapleapi.Propensity">
		select * from propensity where character_name=#{character_name}
	</select>
	
	<select id="selectStatData" resultType="String">
		select json_data from statData where character_name=#{character_name}
	</select>
	
	<select id="selectHyperStatData" resultType="String">
		select json_data from hyperStat where character_name=#{character_name}
	</select>
	
	<select id="selectAbility" resultType="String">
		select json_data from ability where character_name=#{character_name}
	</select>
	
	<select id="selectItemEquip" resultType="String">
		select json_data from itemEquip where character_name=#{character_name}
	</select>
	
	<select id="selectAndroid" resultType="String">
		select json_data from android where character_name=#{character_name}
	</select>
	
	<delete id="deleteStatData">
	
	</delete>
	
	<delete id="deleteBasicData">
	
	</delete>
</mapper>